--
-- PostgreSQL database cluster dump
--

\restrict ImoHtOcWhPs7pQeoqRTSv0tRPNfprLuSNaWr2zBwrqLY61zEkOUNSdsx1lC3Ifw

SET default_transaction_read_only = off;

SET client_encoding = 'UTF8';
SET standard_conforming_strings = on;

--
-- Drop databases (except postgres and template1)
--

DROP DATABASE trenibet;




--
-- Drop roles
--

DROP ROLE trenibet;


--
-- Roles
--

CREATE ROLE trenibet;
ALTER ROLE trenibet WITH SUPERUSER INHERIT CREATEROLE CREATEDB LOGIN REPLICATION BYPASSRLS PASSWORD 'SCRAM-SHA-256$4096:CfXt9klBzze2HU58Yu2iGA==$z74c1FiGJ86RR3kCljG585t8XEksplRGBZ8fqUNGIzs=:3OgBxAlGxdJtdCGKHD4KQ7GzWjl4SNXzjqY4ivCnMJk=';

--
-- User Configurations
--








\unrestrict ImoHtOcWhPs7pQeoqRTSv0tRPNfprLuSNaWr2zBwrqLY61zEkOUNSdsx1lC3Ifw

--
-- Databases
--

--
-- Database "template1" dump
--

--
-- PostgreSQL database dump
--

\restrict BYBmlAfL2nBVtppYt6yeOQdPokhctUQ8dC89bJAJAqEv67BKfdtXcLJic5YX2Sp

-- Dumped from database version 15.17
-- Dumped by pg_dump version 15.17

SET statement_timeout = 0;
SET lock_timeout = 0;
SET idle_in_transaction_session_timeout = 0;
SET client_encoding = 'UTF8';
SET standard_conforming_strings = on;
SELECT pg_catalog.set_config('search_path', '', false);
SET check_function_bodies = false;
SET xmloption = content;
SET client_min_messages = warning;
SET row_security = off;

UPDATE pg_catalog.pg_database SET datistemplate = false WHERE datname = 'template1';
DROP DATABASE template1;
--
-- Name: template1; Type: DATABASE; Schema: -; Owner: trenibet
--

CREATE DATABASE template1 WITH TEMPLATE = template0 ENCODING = 'UTF8' LOCALE_PROVIDER = libc LOCALE = 'en_US.utf8';


ALTER DATABASE template1 OWNER TO trenibet;

\unrestrict BYBmlAfL2nBVtppYt6yeOQdPokhctUQ8dC89bJAJAqEv67BKfdtXcLJic5YX2Sp
\connect template1
\restrict BYBmlAfL2nBVtppYt6yeOQdPokhctUQ8dC89bJAJAqEv67BKfdtXcLJic5YX2Sp

SET statement_timeout = 0;
SET lock_timeout = 0;
SET idle_in_transaction_session_timeout = 0;
SET client_encoding = 'UTF8';
SET standard_conforming_strings = on;
SELECT pg_catalog.set_config('search_path', '', false);
SET check_function_bodies = false;
SET xmloption = content;
SET client_min_messages = warning;
SET row_security = off;

--
-- Name: DATABASE template1; Type: COMMENT; Schema: -; Owner: trenibet
--

COMMENT ON DATABASE template1 IS 'default template for new databases';


--
-- Name: template1; Type: DATABASE PROPERTIES; Schema: -; Owner: trenibet
--

ALTER DATABASE template1 IS_TEMPLATE = true;


\unrestrict BYBmlAfL2nBVtppYt6yeOQdPokhctUQ8dC89bJAJAqEv67BKfdtXcLJic5YX2Sp
\connect template1
\restrict BYBmlAfL2nBVtppYt6yeOQdPokhctUQ8dC89bJAJAqEv67BKfdtXcLJic5YX2Sp

SET statement_timeout = 0;
SET lock_timeout = 0;
SET idle_in_transaction_session_timeout = 0;
SET client_encoding = 'UTF8';
SET standard_conforming_strings = on;
SELECT pg_catalog.set_config('search_path', '', false);
SET check_function_bodies = false;
SET xmloption = content;
SET client_min_messages = warning;
SET row_security = off;

--
-- Name: DATABASE template1; Type: ACL; Schema: -; Owner: trenibet
--

REVOKE CONNECT,TEMPORARY ON DATABASE template1 FROM PUBLIC;
GRANT CONNECT ON DATABASE template1 TO PUBLIC;


--
-- PostgreSQL database dump complete
--

\unrestrict BYBmlAfL2nBVtppYt6yeOQdPokhctUQ8dC89bJAJAqEv67BKfdtXcLJic5YX2Sp

--
-- Database "postgres" dump
--

--
-- PostgreSQL database dump
--

\restrict ixIt2AEkFuMq6B6l9bUwazDqifZFIap4ZfcQ7GcOUvIvF6sr5KvaZRqvbBPdMwK

-- Dumped from database version 15.17
-- Dumped by pg_dump version 15.17

SET statement_timeout = 0;
SET lock_timeout = 0;
SET idle_in_transaction_session_timeout = 0;
SET client_encoding = 'UTF8';
SET standard_conforming_strings = on;
SELECT pg_catalog.set_config('search_path', '', false);
SET check_function_bodies = false;
SET xmloption = content;
SET client_min_messages = warning;
SET row_security = off;

DROP DATABASE postgres;
--
-- Name: postgres; Type: DATABASE; Schema: -; Owner: trenibet
--

CREATE DATABASE postgres WITH TEMPLATE = template0 ENCODING = 'UTF8' LOCALE_PROVIDER = libc LOCALE = 'en_US.utf8';


ALTER DATABASE postgres OWNER TO trenibet;

\unrestrict ixIt2AEkFuMq6B6l9bUwazDqifZFIap4ZfcQ7GcOUvIvF6sr5KvaZRqvbBPdMwK
\connect postgres
\restrict ixIt2AEkFuMq6B6l9bUwazDqifZFIap4ZfcQ7GcOUvIvF6sr5KvaZRqvbBPdMwK

SET statement_timeout = 0;
SET lock_timeout = 0;
SET idle_in_transaction_session_timeout = 0;
SET client_encoding = 'UTF8';
SET standard_conforming_strings = on;
SELECT pg_catalog.set_config('search_path', '', false);
SET check_function_bodies = false;
SET xmloption = content;
SET client_min_messages = warning;
SET row_security = off;

--
-- Name: DATABASE postgres; Type: COMMENT; Schema: -; Owner: trenibet
--

COMMENT ON DATABASE postgres IS 'default administrative connection database';


--
-- PostgreSQL database dump complete
--

\unrestrict ixIt2AEkFuMq6B6l9bUwazDqifZFIap4ZfcQ7GcOUvIvF6sr5KvaZRqvbBPdMwK

--
-- Database "trenibet" dump
--

--
-- PostgreSQL database dump
--

\restrict TaoAoAzVpfnNIL2TC6gC6IseHl2cUZAFgNjRjS0RPuhZGj2XAfPJfoeAiDlNrVI

-- Dumped from database version 15.17
-- Dumped by pg_dump version 15.17

SET statement_timeout = 0;
SET lock_timeout = 0;
SET idle_in_transaction_session_timeout = 0;
SET client_encoding = 'UTF8';
SET standard_conforming_strings = on;
SELECT pg_catalog.set_config('search_path', '', false);
SET check_function_bodies = false;
SET xmloption = content;
SET client_min_messages = warning;
SET row_security = off;

--
-- Name: trenibet; Type: DATABASE; Schema: -; Owner: trenibet
--

CREATE DATABASE trenibet WITH TEMPLATE = template0 ENCODING = 'UTF8' LOCALE_PROVIDER = libc LOCALE = 'en_US.utf8';


ALTER DATABASE trenibet OWNER TO trenibet;

\unrestrict TaoAoAzVpfnNIL2TC6gC6IseHl2cUZAFgNjRjS0RPuhZGj2XAfPJfoeAiDlNrVI
\connect trenibet
\restrict TaoAoAzVpfnNIL2TC6gC6IseHl2cUZAFgNjRjS0RPuhZGj2XAfPJfoeAiDlNrVI

SET statement_timeout = 0;
SET lock_timeout = 0;
SET idle_in_transaction_session_timeout = 0;
SET client_encoding = 'UTF8';
SET standard_conforming_strings = on;
SELECT pg_catalog.set_config('search_path', '', false);
SET check_function_bodies = false;
SET xmloption = content;
SET client_min_messages = warning;
SET row_security = off;

SET default_tablespace = '';

SET default_table_access_method = heap;

--
-- Name: api_bet; Type: TABLE; Schema: public; Owner: trenibet
--

CREATE TABLE public.api_bet (
    id bigint NOT NULL,
    bet_id character varying(64) NOT NULL,
    train_id character varying(128) NOT NULL,
    train_number character varying(32) NOT NULL,
    train_route character varying(128) NOT NULL,
    predicted_delay integer NOT NULL,
    amount integer NOT NULL,
    odds double precision NOT NULL,
    station_code character varying(16) NOT NULL,
    data_partenza character varying(32) NOT NULL,
    scheduled_departure bigint NOT NULL,
    scheduled_arrival bigint NOT NULL,
    status character varying(16) NOT NULL,
    actual_delay integer,
    win_amount integer NOT NULL,
    placed_at bigint NOT NULL,
    resolved_at bigint,
    user_id bigint NOT NULL
);


ALTER TABLE public.api_bet OWNER TO trenibet;

--
-- Name: api_bet_id_seq; Type: SEQUENCE; Schema: public; Owner: trenibet
--

ALTER TABLE public.api_bet ALTER COLUMN id ADD GENERATED BY DEFAULT AS IDENTITY (
    SEQUENCE NAME public.api_bet_id_seq
    START WITH 1
    INCREMENT BY 1
    NO MINVALUE
    NO MAXVALUE
    CACHE 1
);


--
-- Name: api_goldentrain; Type: TABLE; Schema: public; Owner: trenibet
--

CREATE TABLE public.api_goldentrain (
    id bigint NOT NULL,
    train_id character varying(128) NOT NULL,
    train_number character varying(32) NOT NULL,
    day date NOT NULL,
    created_at timestamp with time zone
);


ALTER TABLE public.api_goldentrain OWNER TO trenibet;

--
-- Name: api_goldentrain_id_seq; Type: SEQUENCE; Schema: public; Owner: trenibet
--

ALTER TABLE public.api_goldentrain ALTER COLUMN id ADD GENERATED BY DEFAULT AS IDENTITY (
    SEQUENCE NAME public.api_goldentrain_id_seq
    START WITH 1
    INCREMENT BY 1
    NO MINVALUE
    NO MAXVALUE
    CACHE 1
);


--
-- Name: api_userprofile; Type: TABLE; Schema: public; Owner: trenibet
--

CREATE TABLE public.api_userprofile (
    id bigint NOT NULL,
    uid character varying(128) NOT NULL,
    nickname character varying(64) NOT NULL,
    balance integer NOT NULL,
    created_at timestamp with time zone NOT NULL,
    is_email_verified boolean NOT NULL,
    last_daily_bonus date
);


ALTER TABLE public.api_userprofile OWNER TO trenibet;

--
-- Name: api_userprofile_id_seq; Type: SEQUENCE; Schema: public; Owner: trenibet
--

ALTER TABLE public.api_userprofile ALTER COLUMN id ADD GENERATED BY DEFAULT AS IDENTITY (
    SEQUENCE NAME public.api_userprofile_id_seq
    START WITH 1
    INCREMENT BY 1
    NO MINVALUE
    NO MAXVALUE
    CACHE 1
);


--
-- Name: auth_group; Type: TABLE; Schema: public; Owner: trenibet
--

CREATE TABLE public.auth_group (
    id integer NOT NULL,
    name character varying(150) NOT NULL
);


ALTER TABLE public.auth_group OWNER TO trenibet;

--
-- Name: auth_group_id_seq; Type: SEQUENCE; Schema: public; Owner: trenibet
--

ALTER TABLE public.auth_group ALTER COLUMN id ADD GENERATED BY DEFAULT AS IDENTITY (
    SEQUENCE NAME public.auth_group_id_seq
    START WITH 1
    INCREMENT BY 1
    NO MINVALUE
    NO MAXVALUE
    CACHE 1
);


--
-- Name: auth_group_permissions; Type: TABLE; Schema: public; Owner: trenibet
--

CREATE TABLE public.auth_group_permissions (
    id bigint NOT NULL,
    group_id integer NOT NULL,
    permission_id integer NOT NULL
);


ALTER TABLE public.auth_group_permissions OWNER TO trenibet;

--
-- Name: auth_group_permissions_id_seq; Type: SEQUENCE; Schema: public; Owner: trenibet
--

ALTER TABLE public.auth_group_permissions ALTER COLUMN id ADD GENERATED BY DEFAULT AS IDENTITY (
    SEQUENCE NAME public.auth_group_permissions_id_seq
    START WITH 1
    INCREMENT BY 1
    NO MINVALUE
    NO MAXVALUE
    CACHE 1
);


--
-- Name: auth_permission; Type: TABLE; Schema: public; Owner: trenibet
--

CREATE TABLE public.auth_permission (
    id integer NOT NULL,
    name character varying(255) NOT NULL,
    content_type_id integer NOT NULL,
    codename character varying(100) NOT NULL
);


ALTER TABLE public.auth_permission OWNER TO trenibet;

--
-- Name: auth_permission_id_seq; Type: SEQUENCE; Schema: public; Owner: trenibet
--

ALTER TABLE public.auth_permission ALTER COLUMN id ADD GENERATED BY DEFAULT AS IDENTITY (
    SEQUENCE NAME public.auth_permission_id_seq
    START WITH 1
    INCREMENT BY 1
    NO MINVALUE
    NO MAXVALUE
    CACHE 1
);


--
-- Name: auth_user; Type: TABLE; Schema: public; Owner: trenibet
--

CREATE TABLE public.auth_user (
    id integer NOT NULL,
    password character varying(128) NOT NULL,
    last_login timestamp with time zone,
    is_superuser boolean NOT NULL,
    username character varying(150) NOT NULL,
    first_name character varying(150) NOT NULL,
    last_name character varying(150) NOT NULL,
    email character varying(254) NOT NULL,
    is_staff boolean NOT NULL,
    is_active boolean NOT NULL,
    date_joined timestamp with time zone NOT NULL
);


ALTER TABLE public.auth_user OWNER TO trenibet;

--
-- Name: auth_user_groups; Type: TABLE; Schema: public; Owner: trenibet
--

CREATE TABLE public.auth_user_groups (
    id bigint NOT NULL,
    user_id integer NOT NULL,
    group_id integer NOT NULL
);


ALTER TABLE public.auth_user_groups OWNER TO trenibet;

--
-- Name: auth_user_groups_id_seq; Type: SEQUENCE; Schema: public; Owner: trenibet
--

ALTER TABLE public.auth_user_groups ALTER COLUMN id ADD GENERATED BY DEFAULT AS IDENTITY (
    SEQUENCE NAME public.auth_user_groups_id_seq
    START WITH 1
    INCREMENT BY 1
    NO MINVALUE
    NO MAXVALUE
    CACHE 1
);


--
-- Name: auth_user_id_seq; Type: SEQUENCE; Schema: public; Owner: trenibet
--

ALTER TABLE public.auth_user ALTER COLUMN id ADD GENERATED BY DEFAULT AS IDENTITY (
    SEQUENCE NAME public.auth_user_id_seq
    START WITH 1
    INCREMENT BY 1
    NO MINVALUE
    NO MAXVALUE
    CACHE 1
);


--
-- Name: auth_user_user_permissions; Type: TABLE; Schema: public; Owner: trenibet
--

CREATE TABLE public.auth_user_user_permissions (
    id bigint NOT NULL,
    user_id integer NOT NULL,
    permission_id integer NOT NULL
);


ALTER TABLE public.auth_user_user_permissions OWNER TO trenibet;

--
-- Name: auth_user_user_permissions_id_seq; Type: SEQUENCE; Schema: public; Owner: trenibet
--

ALTER TABLE public.auth_user_user_permissions ALTER COLUMN id ADD GENERATED BY DEFAULT AS IDENTITY (
    SEQUENCE NAME public.auth_user_user_permissions_id_seq
    START WITH 1
    INCREMENT BY 1
    NO MINVALUE
    NO MAXVALUE
    CACHE 1
);


--
-- Name: django_admin_log; Type: TABLE; Schema: public; Owner: trenibet
--

CREATE TABLE public.django_admin_log (
    id integer NOT NULL,
    action_time timestamp with time zone NOT NULL,
    object_id text,
    object_repr character varying(200) NOT NULL,
    action_flag smallint NOT NULL,
    change_message text NOT NULL,
    content_type_id integer,
    user_id integer NOT NULL,
    CONSTRAINT django_admin_log_action_flag_check CHECK ((action_flag >= 0))
);


ALTER TABLE public.django_admin_log OWNER TO trenibet;

--
-- Name: django_admin_log_id_seq; Type: SEQUENCE; Schema: public; Owner: trenibet
--

ALTER TABLE public.django_admin_log ALTER COLUMN id ADD GENERATED BY DEFAULT AS IDENTITY (
    SEQUENCE NAME public.django_admin_log_id_seq
    START WITH 1
    INCREMENT BY 1
    NO MINVALUE
    NO MAXVALUE
    CACHE 1
);


--
-- Name: django_content_type; Type: TABLE; Schema: public; Owner: trenibet
--

CREATE TABLE public.django_content_type (
    id integer NOT NULL,
    app_label character varying(100) NOT NULL,
    model character varying(100) NOT NULL
);


ALTER TABLE public.django_content_type OWNER TO trenibet;

--
-- Name: django_content_type_id_seq; Type: SEQUENCE; Schema: public; Owner: trenibet
--

ALTER TABLE public.django_content_type ALTER COLUMN id ADD GENERATED BY DEFAULT AS IDENTITY (
    SEQUENCE NAME public.django_content_type_id_seq
    START WITH 1
    INCREMENT BY 1
    NO MINVALUE
    NO MAXVALUE
    CACHE 1
);


--
-- Name: django_migrations; Type: TABLE; Schema: public; Owner: trenibet
--

CREATE TABLE public.django_migrations (
    id bigint NOT NULL,
    app character varying(255) NOT NULL,
    name character varying(255) NOT NULL,
    applied timestamp with time zone NOT NULL
);


ALTER TABLE public.django_migrations OWNER TO trenibet;

--
-- Name: django_migrations_id_seq; Type: SEQUENCE; Schema: public; Owner: trenibet
--

ALTER TABLE public.django_migrations ALTER COLUMN id ADD GENERATED BY DEFAULT AS IDENTITY (
    SEQUENCE NAME public.django_migrations_id_seq
    START WITH 1
    INCREMENT BY 1
    NO MINVALUE
    NO MAXVALUE
    CACHE 1
);


--
-- Name: django_session; Type: TABLE; Schema: public; Owner: trenibet
--

CREATE TABLE public.django_session (
    session_key character varying(40) NOT NULL,
    session_data text NOT NULL,
    expire_date timestamp with time zone NOT NULL
);


ALTER TABLE public.django_session OWNER TO trenibet;

--
-- Data for Name: api_bet; Type: TABLE DATA; Schema: public; Owner: trenibet
--

COPY public.api_bet (id, bet_id, train_id, train_number, train_route, predicted_delay, amount, odds, station_code, data_partenza, scheduled_departure, scheduled_arrival, status, actual_delay, win_amount, placed_at, resolved_at, user_id) FROM stdin;
14	bet_1777046534076	9642-S11781-1776981600000	FR 9642	Milano Centrale → Torino Porta Nuova	42	25	1.5	S11781	1776981600000	0	0	lost	24	0	1777046534396	1777052457066	11
15	bet_1777049259751	610-S11145-1776981600000	IC 610	Lecce → Bolzano	40	10	2.3	S11145	1776981600000	1777011600000	1777055460000	lost	50	0	1777049259357	1777058517394	13
13	bet_1777043878831	610-S11145-1776981600000	IC 610	Bologna Centrale → Bolzano	56	10	2.3	S11145	1776981600000	0	0	lost	50	0	1777043878457	1777058517394	10
19	bet_1777050961133	511-S00219-1776981600000	IC 511	Napoli Centrale → Salerno	24	20	2.3	S00219	1776981600000	0	0	lost	32	0	1777050960754	1777060952749	10
17	bet_1777049949106	715-S09218-1776981600000	IC 715	Napoli Centrale → Bari Centrale	15	300	2.8	S09218	1776981600000	0	0	lost	0	0	1777049946748	1777064237152	14
18	bet_1777050870776	8823-S01700-1776981600000	FR 8823	Bologna Centrale → Pescara	14	10	1.5	S01700	1776981600000	0	0	lost	0	0	1777050870406	1777064477163	10
20	bet_1777053782014	599-S01700-1776981600000	IC 599	Bologna Centrale → Terni	19	20	2.3	S01700	1776981600000	0	0	lost	0	0	1777053781338	1777103193685	10
16	bet_1777049813401	1955-S08409-1776981600000	ICN 1955	Roma Termini → Siracusa	50	200	2.8	S08409	1776981600000	0	0	lost	0	0	1777049811043	1777103193685	14
28	bet_7a65a6c69e644029	24039-S01642-1777068000000	REG 24039	Milano Rogoredo → Lodi	20	20	2.8	S01642	1777068000000	0	0	lost	13	0	1777114397144	1777114703635	10
26	bet_1777108103020	9520-S09218-1777068000000	FR 9520	Bologna Centrale → Milano Centrale	0	25	1.5	S09218	1777068000000	0	0	lost	8	0	1777108102526	1777114763638	10
27	bet_1777108127415	9520-S09218-1777068000000	FR 9520	Bologna Centrale → Milano Centrale	0	25	1.5	S09218	1777068000000	0	0	lost	8	0	1777108127005	1777114823640	13
21	bet_1777105269886	5560-S11781-1777068000000	REG 5560	Bari Centrale → Cosenza	0	25	3.3	S11781	1777068000000	0	0	won	0	82	1777105269476	1777120163898	15
31	bet_6fe2650ae99740b2	5266-S11705-1777068000000	REG 5266	Agropoli Castellabate → Napoli Centrale	7	50	2.8	S11705	1777068000000	1777115580000	1777120680000	lost	5	0	1777116826541	1777121003905	13
29	bet_9c2b1ac259934f80	3914-S07113-1777068000000	REG 3914	Bologna Centrale → Piacenza	0	10	2.8	S07113	1777068000000	0	0	won	0	28	1777114409227	1777122746742	10
23	bet_1777107963658	584-S03317-1777068000000	IC 584	Bologna Centrale → Roma Termini	5	25	2.3	S03317	1777068000000	0	0	lost	0	0	1777107963170	1777126327068	13
22	bet_1777107837599	584-S03317-1777068000000	IC 584	Bologna Centrale → Roma Termini	0	20	2.3	S03317	1777068000000	0	0	won	0	46	1777107837180	1777126327068	10
32	bet_57fd2df459904b7a	9627-S01700-1777068000000	FR 9627	Milano Centrale → Napoli Centrale	2	50	1.7	S01700	1777068000000	1777111080000	1777127580000	lost	0	0	1777118434025	1777127407075	13
36	bet_4dfcc1c3f2e04575	5546-S11781-1777068000000	REG 5546	Reggio DI Calabria Centrale → Paola	0	20	2.44	S11781	1777068000000	1777123620000	1777131540000	lost	4	0	1777128903197	1777131830198	13
34	bet_5fc291b0ba7d43c2	5546-S11781-1777068000000	REG 5546	Reggio DI Calabria Centrale → Paola	2	25	3.4	S11781	1777068000000	1777123620000	1777131540000	lost	4	0	1777121540733	1777131830198	10
33	bet_a220047d748745cb	608-S11145-1777068000000	IC 608	Lecce → Milano Centrale	63	25	2.25	S11145	1777068000000	1777090980000	1777131900000	lost	10	0	1777118841030	1777132550216	13
37	bet_b44604411c6d4851	24159-S01933-1777068000000	REG 24159	Saronno → Lodi	0	20	3	S01933	1777068000000	1777127880000	1777133220000	won	0	60	1777130237869	1777133270247	13
38	bet_376e1536875c4974	306-S02593-1777068000000	EC 306	Venezia S.lucia → Chiasso	22	20	1.6	S02593	1777068000000	1777123080000	1777136280000	won	22	32	1777133941818	1777137591190	13
24	bet_1777107969351	590-S09818-1777068000000	IC 590	Roma Tiburtina → Milano Centrale	5	20	2.3	S09818	1777068000000	0	0	lost	0	0	1777107968984	1777137951222	10
35	bet_8db3d314d76d40c5	9543-S00219-1777068000000	FR 9543	Torino Porta Nuova → Salerno	0	20	2.05	S00219	1777068000000	1777114800000	1777140300000	lost	6	0	1777128795654	1777140711297	13
30	bet_0d9d60cf4e8b4b4a	9587-S00219-1777068000000	FR 9587	Torino Porta Nuova → Reggio DI Calabria Centrale	23	50	2	S00219	1777068000000	1777104000000	1777145280000	lost	0	0	1777115508681	1777145161523	13
25	bet_1777108067866	1545-S01700-1777068000000	IC 1545	Bologna Centrale → Lecce	22	25	2.3	S01700	1777068000000	0	0	lost	10	0	1777108067314	1777148735090	13
39	bet_6d0ed489e1c54be3	9668-S09218-1777068000000	FR 9668	Napoli Centrale → Milano Centrale	23	25	1.7	S09218	1777068000000	1777134600000	1777150800000	lost	6	0	1777141362593	1777151960323	13
49	bet_6b9048c7537b465a	4737-S07004-1777154400000	REG 4737	Perugia → Roma Termini	0	25	2.55	S07004	1777154400000	1777195200000	1777205700000	won	0	63	1777201743813	1777205542228	13
48	bet_3abe9794344c43a4	4737-S07004-1777154400000	REG 4737	Perugia → Roma Termini	0	15	2.55	S07004	1777154400000	1777195200000	1777205700000	won	0	38	1777201734668	1777205542228	10
41	bet_76761f5405254b33	5560-S11781-1777154400000	REG 5560	Bari Centrale → Cosenza	38	20	3.55	S11781	1777154400000	0	0	lost	4	0	1777191691068	1777206862266	13
45	bet_3200fbe7f6b748eb	9311-S00219-1777154400000	FR 9311	Torino Porta Nuova → Napoli Centrale	0	37	2.1	S00219	1777154400000	1777185600000	1777208580000	won	0	77	1777200283591	1777208542364	16
43	bet_c674aafd080542e6	9583-S00219-1777154400000	FR 9583	Torino Porta Nuova → Reggio DI Calabria Centrale	20	25	2.35	S00219	1777154400000	1777183200000	1777222920000	lost	2	0	1777196462847	1777223122797	10
42	bet_36cd064de5394d51	9583-S00219-1777154400000	FR 9583	Torino Porta Nuova → Reggio DI Calabria Centrale	0	10	2	S00219	1777154400000	1777183200000	1777222920000	lost	2	0	1777195509212	1777223122797	13
44	bet_912a9c3c88894f62	8807-S01700-1777154400000	FR 8807	Milano Centrale → Taranto	35	37	2.25	S01700	1777154400000	1777196100000	1777226100000	lost	0	0	1777200211504	1777225942812	16
47	bet_40695bc5a1ad4abe	24741-S01645-1777154400000	REG 24741	Milano Porta Garibaldi → Lecco	2	25	2.9	S01645	1777154400000	1777198620000	1777204380000	won	2	72	1777201497788	1777204522199	10
46	bet_ba047ceaef14455e	5560-S11781-1777154400000	REG 5560	Reggio DI Calabria Centrale → Cosenza	9	25	3.04	S11781	1777154400000	1777196580000	1777206540000	lost	4	0	1777201468677	1777206862266	10
52	bet_7af39b8fc9bf4fff	24153-S01933-1777154400000	REG 24153	Saronno → Lodi	5	25	3.45	S01933	1777154400000	1777208880000	1777214220000	lost	2	0	1777209318474	1777214422661	10
51	bet_4028e0c9d684419b	5592-S11739-1777154400000	REG 5592	Paola → Napoli Centrale	0	20	2.7	S11739	1777154400000	1777199820000	1777214280000	lost	3	0	1777209090205	1777214542665	13
50	bet_255f0d5671da47b9	9552-S09818-1777154400000	FR 9552	Salerno → Torino Porta Nuova	9	20	2.05	S09818	1777154400000	1777207500000	1777233960000	lost	11	0	1777209039842	1777235402309	13
53	bet_2532e3f4019a47df	608-S11145-1777154400000	IC 608	Lecce → Milano Centrale	303	20	2.6	S11145	1777154400000	1777177380000	1777218300000	lost	331	0	1777227548776	1777238296827	13
54	bet_82eff565e2534b2a	8814-S11145-1777240800000	FR 8814	Lecce → Milano Centrale	8	10	2.2	S11145	1777240800000	1777262100000	1777292700000	lost	18	0	1777286813718	1777294272474	17
61	bet_2a963de68cce4fa1	19360-S06500-1777240800000	REG 19360	Pisa Centrale → LA Spezia Centrale	0	10	2.8	S06500	1777240800000	1777298100000	1777303440000	won	0	28	1777299119805	1777303438408	16
62	bet_fd8f08f456694ff5	17772-S05131-1777240800000	REG 17772	Pianoro → Porretta  Terme	0	10	3.05	S05131	1777240800000	1777297740000	1777303680000	won	0	30	1777299147690	1777303678413	16
67	bet_0b80b665a1b44377	4654-S08409-1777240800000	REG 4654	Roma Termini → Fiumicino Aeroporto	0	25	2.9	S08409	1777240800000	1777303200000	1777305120000	won	0	72	1777303303435	1777305058504	18
69	bet_ba8212a902894453	5336-S11739-1777240800000	REG 5336	Paola → Napoli Centrale	20	50	3.69	S11739	1777240800000	1777290120000	1777304280000	won	19	184	1777304471578	1777305478493	13
60	bet_99a9904fcf3b4b69	5336-S11739-1777240800000	REG 5336	Paola → Napoli Centrale	23	5	2.79	S11739	1777240800000	1777290120000	1777304280000	lost	19	0	1777299097571	1777305478493	16
58	bet_e604407029b24be9	5336-S11739-1777240800000	REG 5336	Paola → Napoli Centrale	25	25	3.15	S11739	1777240800000	1777290120000	1777304280000	lost	19	0	1777295191807	1777305478493	17
65	bet_f7753115d2ef4533	24161-S01933-1777240800000	REG 24161	Saronno → Lodi	4	25	3.35	S01933	1777240800000	1777302480000	1777307820000	lost	0	0	1777303270000	1777307878527	18
63	bet_ef26684bf2534ce3	734-S12349-1777240800000	IC 734	Siracusa → Roma Termini	0	50	2.45	S12349	1777240800000	1777268580000	1777307640000	lost	8	0	1777299224137	1777308238534	17
56	bet_f843dae8a19d466a	8820-S11465-1777240800000	FR 8820	Taranto → Milano Centrale	42	10	2.35	S11465	1777240800000	1777274100000	1777306200000	lost	37	0	1777295165034	1777308478546	17
55	bet_665288e4a6854a3e	8820-S11465-1777240800000	FR 8820	Taranto → Milano Centrale	23	20	2.35	S11465	1777240800000	1777274100000	1777306200000	lost	37	0	1777294977853	1777308478546	13
74	bet_71a76c8b2c8243a1	20533-S08213-1777240800000	REG 20533	Poggio Mirteto → Fiumicino Aeroporto	0	25	3.15	S08213	1777240800000	1777304400000	1777310280000	won	0	78	1777304916406	1777310338619	17
70	bet_527319175bb640ea	4530-S08409-1777240800000	REG 4530	Roma Termini → Viterbo Porta Fiorentina	0	6	2.6	S08409	1777240800000	1777303620000	1777311960000	won	0	15	1777304520330	1777311778656	16
68	bet_bb926c9165c84be2	9543-S01700-1777240800000	FR 9543	Milano Centrale → Salerno	20	50	1.95	S01700	1777240800000	1777291800000	1777313100000	lost	4	0	1777304333679	1777313398714	13
59	bet_fadb11f0458147ba	553-S08409-1777240800000	IC 553	Roma Termini → Reggio DI Calabria Centrale	50	15	2.35	S08409	1777240800000	1777285560000	1777313520000	lost	16	0	1777295282466	1777314598731	17
73	bet_92f25a51346a4f6a	46-S02593-1777240800000	EC 46	Venezia S.lucia → Domodossola	6	25	1.95	S02593	1777240800000	1777299480000	1777315380000	lost	0	0	1777304784106	1777315078760	17
64	bet_4b81847fa1734d9e	9658-S11781-1777240800000	FR 9658	Reggio DI Calabria Centrale → Milano Centrale	11	25	2	S11781	1777240800000	1777283940000	1777316400000	lost	61	0	1777303244168	1777320118963	18
75	bet_1fd422819cb74ab0	9587-S00219-1777240800000	FR 9587	Torino Porta Nuova → Reggio DI Calabria Centrale	25	10	3.65	S00219	1777240800000	1777275300000	1777318080000	lost	36	0	1777307270255	1777320298966	13
83	bet_fbd02586ecd743e1	24175-S01933-1777240800000	REG 24175	Saronno → Lodi	0	50	2.98	S01933	1777240800000	1777315080000	1777320420000	lost	4	0	1777318446504	1777320778978	17
71	bet_5d564fbd43db4cc3	9660-S09218-1777240800000	FR 9660	Napoli Centrale → Brescia	0	50	1.8	S09218	1777240800000	1777301700000	1777321380000	lost	6	0	1777304760501	1777321798997	17
82	bet_70b8a01237734738	21379-S08209-1777240800000	REG 21379	Orte → Roma Ostiense	1	50	2.85	S08209	1777240800000	1777316340000	1777322640000	won	0	142	1777318439902	1777322477301	17
80	bet_f591066719144347	20735-S08411-1777240800000	REG 20735	Fiumicino Aeroporto → Orte	2	50	2.9	S08411	1777240800000	1777315320000	1777323120000	lost	0	0	1777318424537	1777323077308	17
81	bet_41bb0077fe454761	20559-S08213-1777240800000	REG 20559	Poggio Mirteto → Fiumicino Aeroporto	0	50	3.55	S08213	1777240800000	1777317000000	1777322880000	lost	4	0	1777318433685	1777323197307	17
77	bet_f13585984e5b459c	5590-S11910-1777240800000	REG 5590	Cosenza → Napoli Centrale	3	5	4.74	S11910	1777240800000	1777308780000	1777323480000	lost	0	0	1777318209613	1777323377311	16
78	bet_c4df9ee0ffc64696	2090-S04702-1777240800000	REG 2090	Genova Brignole → Rimini	0	5	4.7	S04702	1777240800000	1777302360000	1777324920000	won	0	23	1777318236931	1777324517336	16
79	bet_6770f6109f7e483f	9657-S01700-1777240800000	FR 9657	Milano Centrale → Napoli Centrale	0	50	2.2	S01700	1777240800000	1777307400000	1777327440000	lost	2	0	1777318414733	1777327577368	17
66	bet_531c7189985640c1	861-S08409-1777240800000	IC 861	Roma Termini → Reggio DI Calabria Centrale	6	25	2.5	S08409	1777240800000	1777299960000	1777329660000	lost	0	0	1777303286683	1777328597391	18
76	bet_6039959c48d94562	599-S01700-1777240800000	IC 599	Milano Centrale → Terni	19	10	3.7	S01700	1777240800000	1777304400000	1777329600000	lost	3	0	1777313782312	1777329582327	13
72	bet_3ba5125b743a4bc0	9559-S00219-1777240800000	FR 9559	Torino Porta Nuova → Roma Termini	0	25	2.45	S00219	1777240800000	1777302000000	1777319640000	won	0	61	1777304776198	1777319458927	17
57	bet_c38e07d9f9194d82	9587-S00219-1777240800000	FR 9587	Torino Porta Nuova → Reggio DI Calabria Centrale	22	10	2.25	S00219	1777240800000	1777275300000	1777318080000	lost	36	0	1777295177844	1777320298966	17
86	bet_3237a219d05348f2	8529-S02026-1777240800000	FR 8529	Bolzano → Roma Termini	0	33	2.62	S02026	1777240800000	1777302600000	1777320900000	won	0	86	1777318481294	1777320658982	17
85	bet_08fc77b42b744f82	9560-S11145-1777240800000	FR 9560	Lecce → Milano Centrale	0	50	2.3	S11145	1777240800000	1777286520000	1777323000000	won	1	114	1777318471078	1777323137339	17
90	bet_099db61a7bbd499f	294-S08217-1777240800000	EN 294	Roma Tiburtina → Bologna Centrale	19	5	1.65	S08217	1777240800000	1777306200000	1777323000000	lost	23	0	1777323378593	1777324457322	13
87	bet_a316655aad024980	8830-S11119-1777240800000	FR 8830	Bari Centrale → Milano Centrale	0	61	2.54	S11119	1777240800000	1777300200000	1777325100000	lost	8	0	1777320621464	1777325717349	17
88	bet_a1a5d90691e34a13	24181-S01642-1777240800000	REG 24181	Milano Bovisa Politecnico → Lodi	0	50	3.34	S01642	1777240800000	1777322160000	1777325820000	won	0	167	1777322397282	1777325897357	17
107	bet_d4ffb994e4554992	24181-S01642-1777240800000	REG 24181	Milano Bovisa Politecnico → Lodi	0	200	2.66	S01642	1777240800000	1777322160000	1777325820000	won	0	532	1777325254915	1777325957348	13
101	bet_5f729aef95c54d3d	4161-S07113-1777240800000	REG 4161	Ancona → Roma Termini	0	50	4.36	S07113	1777240800000	1777312200000	1777326300000	won	0	218	1777324633620	1777326317363	13
84	bet_c10a8e93de394174	9592-S09818-1777240800000	FR 9592	Salerno → Milano Centrale	0	50	2.9	S09818	1777240800000	1777305180000	1777326600000	won	1	145	1777318462139	1777326737367	17
92	bet_6ba64066ac464b2c	9567-S00219-1777240800000	FR 9567	Torino Porta Nuova → Roma Termini	0	5	4.42	S00219	1777240800000	1777309200000	1777326840000	lost	4	0	1777323771774	1777327157359	16
110	bet_83006991e2b34711	17924-S05043-1777240800000	REG 17924	Bologna Centrale → Poggio Rusco	0	5	3.25	S05043	1777240800000	1777325700000	1777329180000	won	0	16	1777325466214	1777328597391	13
106	bet_3a86703fc7144649	2607-S01700-1777240800000	REG 2607	Milano Centrale → Brescia	0	20	3.2	S01700	1777240800000	1777325100000	1777329180000	lost	4	0	1777324794033	1777328597391	10
105	bet_13ef5e0a98564452	24886-S01700-1777240800000	REG 24886	Milano Centrale → Lecco	0	5	3.45	S01700	1777240800000	1777324920000	1777328640000	won	1	17	1777324791235	1777328597391	13
98	bet_8ff9c8613179417e	861-S08409-1777240800000	IC 861	Roma Termini → Reggio DI Calabria Centrale	0	10	3.07	S08409	1777240800000	1777299960000	1777329660000	won	0	30	1777324294954	1777328597391	13
95	bet_2b326f5ab5034edb	861-S08409-1777240800000	IC 861	Roma Termini → Reggio DI Calabria Centrale	0	15	5.18	S08409	1777240800000	1777299960000	1777329660000	won	0	77	1777323869806	1777328597391	16
104	bet_f0c990ac2b624376	599-S01700-1777240800000	IC 599	Milano Centrale → Terni	4	20	3.4	S01700	1777240800000	1777304400000	1777329600000	won	3	68	1777324775962	1777329582327	10
103	bet_3ff7a89c27764a5b	12554-S08409-1777240800000	REG 12554	Roma Termini → Civitavecchia	13	5	9.82	S08409	1777240800000	1777325220000	1777329840000	lost	4	0	1777324733719	1777329582327	13
102	bet_4962462694ea4356	12667-S08409-1777240800000	REG 12667	Roma Termini → Formia-gaeta	0	5	3.4	S08409	1777240800000	1777324260000	1777329900000	lost	3	0	1777324666886	1777329582327	13
100	bet_14fbcf9ee14c428c	4113-S06421-1777240800000	REG 4113	Firenze Santa Maria Novella → Roma Termini	8	5	4.3	S06421	1777240800000	1777317240000	1777331160000	lost	0	0	1777324552270	1777329582327	13
89	bet_279c8707aae54c3e	597-S01700-1777240800000	IC 597	Milano Centrale → Salerno	1	36	1.65	S01700	1777240800000	1777290480000	1777329900000	lost	8	0	1777322410239	1777329582327	17
109	bet_a76b620a79ed4a0c	33331-S01700-1777327200000	REG 33331	Milano Centrale → Bergamo	0	5	2	S01700	1777327200000	0	0	lost	18	0	1777325384414	1777332488622	13
108	bet_e82c21ae85124aa0	10911-S01700-1777327200000	REG 10911	Milano Centrale → Brescia	0	5	2	S01700	1777327200000	0	0	won	0	10	1777325357298	1777333474283	13
113	bet_3be32ef7ff604f6b	20583-S08411-1777327200000	REG 20583	Fiumicino Aeroporto → Fara Sabina-montelibretti	0	50	3.2	S08411	1777327200000	1777353120000	1777358520000	won	0	160	1777355684051	1777359284104	17
93	bet_cd00c798059f420e	765-S01700-1777240800000	ICN 765	Milano Centrale → Lecce	18	5	2.7	S01700	1777240800000	1777317300000	1777359060000	lost	2	0	1777323838707	1777359284104	13
91	bet_22f1ec600af549da	755-S01700-1777240800000	ICN 755	Milano Centrale → Lecce	12	5	6.28	S01700	1777240800000	1777319400000	1777361400000	lost	10	0	1777323661190	1777362095985	13
96	bet_a3747cffed6e4765	1962-S12349-1777240800000	ICN 1962	Siracusa → Milano Centrale	0	10	3.8	S12349	1777240800000	1777289700000	1777363800000	won	0	38	1777324167290	1777363235989	13
94	bet_ea36f3d72fe74165	1962-S12349-1777240800000	ICN 1962	Siracusa → Milano Centrale	0	10	4.2	S12349	1777240800000	1777289700000	1777363800000	won	0	42	1777323850316	1777363235989	16
111	bet_c29ae158ecc4474f	9490-S09818-1777327200000	FR 9490	Salerno → Venezia S.lucia	0	50	2.45	S09818	1777327200000	1777349400000	1777372440000	lost	2	0	1777355662885	1777372617557	17
117	bet_bb34cf4242334fe0	41-S01003-1777327200000	EC 41	Domodossola → Venezia S.lucia	0	100	4.42	S01003	1777327200000	1777357020000	1777372920000	lost	2	0	1777359939063	1777373097582	17
116	bet_ddfdc05931904d30	9414-S09818-1777327200000	FR 9414	Salerno → Venezia S.lucia	0	100	3.09	S09818	1777327200000	1777353180000	1777376040000	lost	3	0	1777359927530	1777376761038	17
115	bet_47b591594106476e	1963-S01700-1777240800000	IC 1963	Milano Centrale → Siracusa	125	3	11.22	S01700	1777240800000	1777313400000	1777384200000	lost	40	0	1777359910836	1777386609993	17
99	bet_e45eea87d24e4c74	1963-S01700-1777240800000	ICN 1963	Milano Centrale → Siracusa	0	5	11.77	S01700	1777240800000	1777313400000	1777384200000	lost	40	0	1777324480204	1777386609993	13
97	bet_825a62586ebe4953	1963-S01700-1777240800000	ICN 1963	Milano Centrale → Siracusa	0	25	12.6	S01700	1777240800000	1777313400000	1777384200000	lost	40	0	1777324254345	1777386609993	10
114	bet_5702a7c5ef32461e	9503-S06421-1777327200000	FR 9503	Firenze Santa Maria Novella → Napoli Centrale	0	75	1.72	S06421	1777327200000	1777348800000	1777360680000	won	0	129	1777355710578	1777360775992	17
121	bet_613bf6469156420d	533-S07113-1777327200000	IC 533	Ancona → Roma Termini	10	25	2.26	S07113	1777327200000	1777348200000	1777362900000	lost	6	0	1777361349560	1777363415987	10
122	bet_d9ce3df94b4949b0	17484-S05054-1777327200000	REG 17484	Imola → Ferrara	0	50	2.92	S05054	1777327200000	1777360080000	1777364760000	lost	4	0	1777362071174	1777365158775	17
130	bet_40fca63961704703	24129-S01933-1777327200000	REG 24129	Saronno → Lodi	0	15	3.64	S01933	1777327200000	1777360080000	1777365420000	won	1	54	1777363522891	1777365604328	16
126	bet_9942c69bfff24fad	17668-S05105-1777327200000	REG 17668	Marzabotto → Pianoro	0	25	3.4	S05105	1777327200000	1777361760000	1777365600000	lost	4	0	1777362385318	1777365875978	17
129	bet_d46f447a07264de5	5542-S11781-1777327200000	REG 5542	Reggio DI Calabria Centrale → Cosenza	0	25	3.8	S11781	1777327200000	1777355940000	1777365960000	won	0	95	1777362758643	1777365935983	16
128	bet_3ea34892ba7e4c31	20439-S08209-1777327200000	REG 20439	Orte → Fiumicino Aeroporto	0	179	3.45	S08209	1777327200000	1777357740000	1777366080000	lost	2	0	1777362410605	1777366235955	17
124	bet_7f1fb9f021dd49ac	9516-S09818-1777327200000	FR 9516	Salerno → Milano Centrale	0	50	2.14	S09818	1777327200000	1777348200000	1777369800000	lost	4	0	1777362087439	1777370076063	17
125	bet_3d552465c09a47d9	9618-S08409-1777327200000	FR 9618	Roma Termini → Milano Centrale	0	100	2.04	S08409	1777327200000	1777359000000	1777370280000	lost	2	0	1777362099052	1777370397728	17
120	bet_d00534ae951f4ad5	580-S07226-1777327200000	IC 580	Terni → Milano Centrale	32	30	3.32	S07226	1777327200000	1777345500000	1777371300000	lost	0	0	1777360697926	1777370937508	14
127	bet_1011bbc4ae1f4d46	3908-S07113-1777327200000	REG 3908	Ancona → Piacenza	0	25	3.3	S07113	1777327200000	1777355100000	1777371300000	won	0	82	1777362395012	1777371057526	17
118	bet_0ce26b7d3bd843d5	8507-S02026-1777327200000	FR 8507	Bolzano → Roma Termini	25	20	4.78	S02026	1777327200000	1777353120000	1777371300000	lost	4	0	1777360032034	1777371717516	14
112	bet_ce593249f01a405e	9520-S09218-1777327200000	FR 9520	Napoli Centrale → Milano Centrale	0	50	2.45	S09218	1777327200000	1777355100000	1777373400000	lost	3	0	1777355672617	1777373637587	17
119	bet_5fea9b3a0234411b	9391-S00219-1777327200000	FR 9391	Torino Porta Nuova → Napoli Centrale	50	50	10.46	S00219	1777327200000	1777354800000	1777378080000	lost	0	0	1777360086526	1777377717479	14
134	bet_2494dd115cc94d83	609-S01700-1777327200000	IC 609	Milano Centrale → Lecce	72	1	19.45	S01700	1777327200000	1777367700000	1777409340000	active	\N	0	1777382093804	\N	16
132	bet_97dbd20253c04526	8803-S01700-1777327200000	FR 8803	Milano Centrale → Bari Centrale	0	5	1.05	S01700	1777327200000	1777355400000	1777383420000	won	0	5	1777381854022	1777383309958	13
123	bet_6d0b2d9f23614d34	8803-S01700-1777327200000	FR 8803	Milano Centrale → Bari Centrale	0	50	2.5	S01700	1777327200000	1777355400000	1777383420000	won	0	125	1777362077457	1777383309958	17
135	bet_51ebfc0c4a394f2e	24749-S01645-1777327200000	REG 24749	Milano Porta Garibaldi → Lecco	0	15	1.93	S01645	1777327200000	1777378620000	1777384380000	won	1	28	1777382355725	1777384509967	16
136	bet_23c42e675b3c49d7	24151-S01933-1777327200000	REG 24151	Saronno → Lodi	0	12	4.95	S01933	1777327200000	1777379880000	1777385220000	won	0	59	1777382411913	1777385289987	16
133	bet_5fb09038b0234a6c	9641-S00219-1777327200000	FR 9641	Torino Porta Nuova → Roma Termini	0	5	1.61	S00219	1777327200000	1777377000000	1777392900000	lost	17	0	1777382090705	1777390009478	13
131	bet_0ae641b08b1842ea	9641-S00219-1777327200000	FR 9641	Torino Porta Nuova → Roma Termini	2	25	1.05	S00219	1777327200000	1777377000000	1777392900000	lost	17	0	1777381339364	1777390009478	10
138	bet_248465e4b1df4a18	10840-S05014-1777327200000	REG 10840	Parma → Brescia	0	15	2.92	S05014	1777327200000	1777396320000	1777403220000	lost	3	0	1777402076455	1777403460616	16
137	bet_a4f4e19169b1448c	8527-S01717-1777327200000	FR 8527	Brescia → Roma Termini	0	10	2.11	S01717	1777327200000	1777388400000	1777403700000	won	0	21	1777402042010	1777403520612	16
139	bet_6ff98bdbf7214a0d	17712-S05110-1777327200000	REG 17712	Porretta  Terme → Pianoro	0	25	2.25	S05110	1777327200000	1777397520000	1777403400000	lost	2	0	1777402127812	1777403580610	16
142	bet_0ee10daa7aa9432c	609-S01700-1777327200000	IC 609	Milano Centrale → Lecce	148	25	9.45	S01700	1777327200000	1777367700000	1777409340000	active	\N	0	1777411823112	\N	10
141	bet_3b00b37512ae4a34	24182-S01825-1777327200000	REG 24182	Lodi → Milano Bovisa Politecnico	0	10	2.51	S01825	1777327200000	1777409580000	1777413240000	won	0	25	1777410194780	1777413000648	16
140	bet_e2d03c58f4b24ed9	9567-S00219-1777327200000	FR 9567	Torino Porta Nuova → Roma Termini	0	10	1.76	S00219	1777327200000	1777395600000	1777413240000	won	0	17	1777410179331	1777413240651	16
144	bet_e13c7efc490f4da2	20599-S08411-1777413600000	REG 20599	Fiumicino Aeroporto → Fara Sabina-montelibretti	0	20	1.9	S08411	1777413600000	1777445820000	1777451220000	won	0	38	1777448596116	1777451200434	16
145	bet_9f91af6aae114ba4	24729-S01645-1777413600000	REG 24729	Milano Porta Garibaldi → Lecco	4	5	4.42	S01645	1777413600000	1777447020000	1777452780000	lost	2	0	1777448622088	1777453000463	16
143	bet_3c602c6e46cb4217	9409-S03304-1777413600000	FR 9409	Bologna Centrale → Napoli Centrale	3	10	2.62	S03304	1777413600000	0	0	lost	1	0	1777448537301	1777464280493	16
146	bet_64ecca76dd00416e	9584-S11781-1777413600000	FR 9584	Reggio DI Calabria Centrale → Torino Porta Nuova	31	5	1.05	S11781	1777413600000	1777435740000	1777478760000	lost	30	0	1777470844804	1777487610710	13
\.


--
-- Data for Name: api_goldentrain; Type: TABLE DATA; Schema: public; Owner: trenibet
--

COPY public.api_goldentrain (id, train_id, train_number, day, created_at) FROM stdin;
6	608|S11145|1777154400000	IC 608	2026-04-26	\N
\.


--
-- Data for Name: api_userprofile; Type: TABLE DATA; Schema: public; Owner: trenibet
--

COPY public.api_userprofile (id, uid, nickname, balance, created_at, is_email_verified, last_daily_bonus) FROM stdin;
11	FDgBd5GGHMZ0D16kF6R2XgulCph2	cicciotoco15	475	2026-04-24 15:57:52.562715+00	t	2026-04-24
15	tShQeEcvRGVUIptweKFuqB6yz3s2	Mario Barbieri	607	2026-04-25 08:20:43.528236+00	t	2026-04-25
17	CvkDOjxixSPwmFNiA3wlQ17IeLp1	Franco Mario Granata	207	2026-04-27 10:45:47.785771+00	t	2026-04-28
18	7gMg76wdwrNuOV6yxYDHWHb4RRe2	Claudia De Ferrariis	522	2026-04-27 15:20:10.999089+00	t	2026-04-27
10	2bgBO9TRkyS37531gWzIsI0Lfc53	francescamartucci06	517	2026-04-24 15:17:23.349813+00	t	2026-04-28
12	Uj58K9tcOFNHRXP7FIXZMRM9di93	giusepperbarbieri750	500	2026-04-24 16:07:46.584314+00	f	2026-04-24
16	cpkKlDe4lLOZ44PfJPYu48A6huC3	Dario Dolcetti	1011	2026-04-26 10:42:46.071566+00	t	2026-04-29
14	3w6o7ljctzQREB9b26KOsM9CEPA3	vittoriodevelopment	50	2026-04-24 16:55:09.971851+00	t	2026-04-29
13	dqVbErCy2TYEj3hOCIDaxCcuC2X2	giorgiomartucci02	952	2026-04-24 16:43:30.829502+00	t	2026-04-29
\.


--
-- Data for Name: auth_group; Type: TABLE DATA; Schema: public; Owner: trenibet
--

COPY public.auth_group (id, name) FROM stdin;
\.


--
-- Data for Name: auth_group_permissions; Type: TABLE DATA; Schema: public; Owner: trenibet
--

COPY public.auth_group_permissions (id, group_id, permission_id) FROM stdin;
\.


--
-- Data for Name: auth_permission; Type: TABLE DATA; Schema: public; Owner: trenibet
--

COPY public.auth_permission (id, name, content_type_id, codename) FROM stdin;
1	Can add log entry	1	add_logentry
2	Can change log entry	1	change_logentry
3	Can delete log entry	1	delete_logentry
4	Can view log entry	1	view_logentry
5	Can add permission	2	add_permission
6	Can change permission	2	change_permission
7	Can delete permission	2	delete_permission
8	Can view permission	2	view_permission
9	Can add group	3	add_group
10	Can change group	3	change_group
11	Can delete group	3	delete_group
12	Can view group	3	view_group
13	Can add user	4	add_user
14	Can change user	4	change_user
15	Can delete user	4	delete_user
16	Can view user	4	view_user
17	Can add content type	5	add_contenttype
18	Can change content type	5	change_contenttype
19	Can delete content type	5	delete_contenttype
20	Can view content type	5	view_contenttype
21	Can add session	6	add_session
22	Can change session	6	change_session
23	Can delete session	6	delete_session
24	Can view session	6	view_session
25	Can add Utente	7	add_userprofile
26	Can change Utente	7	change_userprofile
27	Can delete Utente	7	delete_userprofile
28	Can view Utente	7	view_userprofile
29	Can add Scommessa	8	add_bet
30	Can change Scommessa	8	change_bet
31	Can delete Scommessa	8	delete_bet
32	Can view Scommessa	8	view_bet
33	Can add Treno d'Oro	9	add_goldentrain
34	Can change Treno d'Oro	9	change_goldentrain
35	Can delete Treno d'Oro	9	delete_goldentrain
36	Can view Treno d'Oro	9	view_goldentrain
\.


--
-- Data for Name: auth_user; Type: TABLE DATA; Schema: public; Owner: trenibet
--

COPY public.auth_user (id, password, last_login, is_superuser, username, first_name, last_name, email, is_staff, is_active, date_joined) FROM stdin;
2	pbkdf2_sha256$1000000$l5I5nXlU43OY6dcfjfxE4Z$3oZqqMJLpWlHiQPfeP1llTCJu87JycRTHqiUkTHO6w4=	2026-04-25 10:22:29.101579+00	t	admin			giorgiomartucci02@gmail.com	t	t	2026-04-23 21:12:28.685563+00
\.


--
-- Data for Name: auth_user_groups; Type: TABLE DATA; Schema: public; Owner: trenibet
--

COPY public.auth_user_groups (id, user_id, group_id) FROM stdin;
\.


--
-- Data for Name: auth_user_user_permissions; Type: TABLE DATA; Schema: public; Owner: trenibet
--

COPY public.auth_user_user_permissions (id, user_id, permission_id) FROM stdin;
\.


--
-- Data for Name: django_admin_log; Type: TABLE DATA; Schema: public; Owner: trenibet
--

COPY public.django_admin_log (id, action_time, object_id, object_repr, action_flag, change_message, content_type_id, user_id) FROM stdin;
1	2026-04-23 21:15:06.668359+00	5	giorgiomartucci02 (9h9sFTOP3qZEsVeo7yiKWiZJkae2) — 475🪙	3		7	2
2	2026-04-23 21:15:06.668465+00	4	giorgiomartucci02 (A0wqZtZgKJd24lwtmerp7uYvuGi1) — 500🪙	3		7	2
3	2026-04-23 21:15:06.668479+00	3	Giorgio Martucci (o1OrUSuy9Gc05NnThZuoGdUAyD33) — 500🪙	3		7	2
4	2026-04-23 21:15:06.668497+00	2	giorgiomartucci02 (Nsijg6UqhoRKnGgwm6IIjeFIkDu2) — 350🪙	3		7	2
5	2026-04-23 21:15:06.668507+00	1	giorgiomartucci02 (jOvxIIxWDbWqOOltMPOba07v5M62) — 500🪙	3		7	2
6	2026-04-23 21:19:09.239521+00	6	giorgiomartucci02 (X2xP5mRTrKVqhRIAE0d7TFpTEZ12) — 500🪙	3		7	2
7	2026-04-23 21:22:00.434419+00	7	giorgiomartucci02 (ntjsV3lH2kgMYgABNhrcFsluwKn1) — 500🪙	3		7	2
8	2026-04-24 15:15:08.405332+00	9	francescamartucci06 (Q9CNS04g9wMG8uSHoYtFvTT7kCG2) — 490🪙	3		7	2
9	2026-04-24 16:39:20.582575+00	8	giorgiomartucci02 (pk4oyMahsTdQzQUPmjxHEhK1PJ02) — 470🪙	2	[{"changed": {"fields": ["Is email verified"]}}]	7	2
10	2026-04-24 16:41:21.267637+00	8	giorgiomartucci02 (pk4oyMahsTdQzQUPmjxHEhK1PJ02) — 470🪙	2	[{"changed": {"fields": ["Is email verified"]}}]	7	2
11	2026-04-24 16:42:54.214654+00	8	giorgiomartucci02 (pk4oyMahsTdQzQUPmjxHEhK1PJ02) — 470🪙	3		7	2
12	2026-04-26 07:16:17.080383+00	40	giorgiomartucci02 → FR 8529 (del 1777068000000) [active]	3		8	2
13	2026-04-28 09:07:27.194496+00	11	cicciotoco15 (FDgBd5GGHMZ0D16kF6R2XgulCph2) — 475🪙	2	[]	7	2
\.


--
-- Data for Name: django_content_type; Type: TABLE DATA; Schema: public; Owner: trenibet
--

COPY public.django_content_type (id, app_label, model) FROM stdin;
1	admin	logentry
2	auth	permission
3	auth	group
4	auth	user
5	contenttypes	contenttype
6	sessions	session
7	api	userprofile
8	api	bet
9	api	goldentrain
\.


--
-- Data for Name: django_migrations; Type: TABLE DATA; Schema: public; Owner: trenibet
--

COPY public.django_migrations (id, app, name, applied) FROM stdin;
1	contenttypes	0001_initial	2026-04-21 20:36:49.743064+00
2	auth	0001_initial	2026-04-21 20:36:49.838041+00
3	admin	0001_initial	2026-04-21 20:36:49.863224+00
4	admin	0002_logentry_remove_auto_add	2026-04-21 20:36:49.875094+00
5	admin	0003_logentry_add_action_flag_choices	2026-04-21 20:36:49.885465+00
6	contenttypes	0002_remove_content_type_name	2026-04-21 20:36:49.90759+00
7	auth	0002_alter_permission_name_max_length	2026-04-21 20:36:49.917076+00
8	auth	0003_alter_user_email_max_length	2026-04-21 20:36:49.926272+00
9	auth	0004_alter_user_username_opts	2026-04-21 20:36:49.935563+00
10	auth	0005_alter_user_last_login_null	2026-04-21 20:36:49.943735+00
11	auth	0006_require_contenttypes_0002	2026-04-21 20:36:49.945048+00
12	auth	0007_alter_validators_add_error_messages	2026-04-21 20:36:49.956781+00
13	auth	0008_alter_user_username_max_length	2026-04-21 20:36:49.97357+00
14	auth	0009_alter_user_last_name_max_length	2026-04-21 20:36:49.98441+00
15	auth	0010_alter_group_name_max_length	2026-04-21 20:36:49.994478+00
16	auth	0011_update_proxy_permissions	2026-04-21 20:36:50.007787+00
17	auth	0012_alter_user_first_name_max_length	2026-04-21 20:36:50.020017+00
18	sessions	0001_initial	2026-04-21 20:36:50.037063+00
19	api	0001_initial	2026-04-21 20:41:35.089303+00
20	api	0002_userprofile_is_email_verified	2026-04-23 21:02:13.573279+00
21	api	0003_userprofile_last_daily_bonus	2026-04-24 07:40:44.181505+00
23	api	0004_goldentrain	2026-04-26 19:23:42.281367+00
\.


--
-- Data for Name: django_session; Type: TABLE DATA; Schema: public; Owner: trenibet
--

COPY public.django_session (session_key, session_data, expire_date) FROM stdin;
ghn83fgn21s5zqneh734trjllits18k3	.eJxVjDsOwjAQBe_iGlnx-k9JnzNYa-8aB1Ai5VMh7o4spYD2zcx7i4TH3tKx8ZomElcB4vK7ZSxPnjugB873RZZl3tcpy67Ik25yXIhft9P9O2i4tV4jxBqdhYAEOhRnKCiynquyOTJmiroCD5FVAOddNTpE9JDtYGzRWXy-6Fg3uw:1wGa9d:0RY72Lmt8WlvY5kpc-lX1cW8IHp981TDaoRKrvR2Oao	2026-05-09 10:22:29.103563+00
\.


--
-- Name: api_bet_id_seq; Type: SEQUENCE SET; Schema: public; Owner: trenibet
--

SELECT pg_catalog.setval('public.api_bet_id_seq', 146, true);


--
-- Name: api_goldentrain_id_seq; Type: SEQUENCE SET; Schema: public; Owner: trenibet
--

SELECT pg_catalog.setval('public.api_goldentrain_id_seq', 6, true);


--
-- Name: api_userprofile_id_seq; Type: SEQUENCE SET; Schema: public; Owner: trenibet
--

SELECT pg_catalog.setval('public.api_userprofile_id_seq', 18, true);


--
-- Name: auth_group_id_seq; Type: SEQUENCE SET; Schema: public; Owner: trenibet
--

SELECT pg_catalog.setval('public.auth_group_id_seq', 1, false);


--
-- Name: auth_group_permissions_id_seq; Type: SEQUENCE SET; Schema: public; Owner: trenibet
--

SELECT pg_catalog.setval('public.auth_group_permissions_id_seq', 1, false);


--
-- Name: auth_permission_id_seq; Type: SEQUENCE SET; Schema: public; Owner: trenibet
--

SELECT pg_catalog.setval('public.auth_permission_id_seq', 36, true);


--
-- Name: auth_user_groups_id_seq; Type: SEQUENCE SET; Schema: public; Owner: trenibet
--

SELECT pg_catalog.setval('public.auth_user_groups_id_seq', 1, false);


--
-- Name: auth_user_id_seq; Type: SEQUENCE SET; Schema: public; Owner: trenibet
--

SELECT pg_catalog.setval('public.auth_user_id_seq', 2, true);


--
-- Name: auth_user_user_permissions_id_seq; Type: SEQUENCE SET; Schema: public; Owner: trenibet
--

SELECT pg_catalog.setval('public.auth_user_user_permissions_id_seq', 1, false);


--
-- Name: django_admin_log_id_seq; Type: SEQUENCE SET; Schema: public; Owner: trenibet
--

SELECT pg_catalog.setval('public.django_admin_log_id_seq', 13, true);


--
-- Name: django_content_type_id_seq; Type: SEQUENCE SET; Schema: public; Owner: trenibet
--

SELECT pg_catalog.setval('public.django_content_type_id_seq', 9, true);


--
-- Name: django_migrations_id_seq; Type: SEQUENCE SET; Schema: public; Owner: trenibet
--

SELECT pg_catalog.setval('public.django_migrations_id_seq', 23, true);


--
-- Name: api_bet api_bet_bet_id_key; Type: CONSTRAINT; Schema: public; Owner: trenibet
--

ALTER TABLE ONLY public.api_bet
    ADD CONSTRAINT api_bet_bet_id_key UNIQUE (bet_id);


--
-- Name: api_bet api_bet_pkey; Type: CONSTRAINT; Schema: public; Owner: trenibet
--

ALTER TABLE ONLY public.api_bet
    ADD CONSTRAINT api_bet_pkey PRIMARY KEY (id);


--
-- Name: api_goldentrain api_goldentrain_pkey; Type: CONSTRAINT; Schema: public; Owner: trenibet
--

ALTER TABLE ONLY public.api_goldentrain
    ADD CONSTRAINT api_goldentrain_pkey PRIMARY KEY (id);


--
-- Name: api_goldentrain api_goldentrain_train_id_day_3512c69e_uniq; Type: CONSTRAINT; Schema: public; Owner: trenibet
--

ALTER TABLE ONLY public.api_goldentrain
    ADD CONSTRAINT api_goldentrain_train_id_day_3512c69e_uniq UNIQUE (train_id, day);


--
-- Name: api_userprofile api_userprofile_pkey; Type: CONSTRAINT; Schema: public; Owner: trenibet
--

ALTER TABLE ONLY public.api_userprofile
    ADD CONSTRAINT api_userprofile_pkey PRIMARY KEY (id);


--
-- Name: api_userprofile api_userprofile_uid_key; Type: CONSTRAINT; Schema: public; Owner: trenibet
--

ALTER TABLE ONLY public.api_userprofile
    ADD CONSTRAINT api_userprofile_uid_key UNIQUE (uid);


--
-- Name: auth_group auth_group_name_key; Type: CONSTRAINT; Schema: public; Owner: trenibet
--

ALTER TABLE ONLY public.auth_group
    ADD CONSTRAINT auth_group_name_key UNIQUE (name);


--
-- Name: auth_group_permissions auth_group_permissions_group_id_permission_id_0cd325b0_uniq; Type: CONSTRAINT; Schema: public; Owner: trenibet
--

ALTER TABLE ONLY public.auth_group_permissions
    ADD CONSTRAINT auth_group_permissions_group_id_permission_id_0cd325b0_uniq UNIQUE (group_id, permission_id);


--
-- Name: auth_group_permissions auth_group_permissions_pkey; Type: CONSTRAINT; Schema: public; Owner: trenibet
--

ALTER TABLE ONLY public.auth_group_permissions
    ADD CONSTRAINT auth_group_permissions_pkey PRIMARY KEY (id);


--
-- Name: auth_group auth_group_pkey; Type: CONSTRAINT; Schema: public; Owner: trenibet
--

ALTER TABLE ONLY public.auth_group
    ADD CONSTRAINT auth_group_pkey PRIMARY KEY (id);


--
-- Name: auth_permission auth_permission_content_type_id_codename_01ab375a_uniq; Type: CONSTRAINT; Schema: public; Owner: trenibet
--

ALTER TABLE ONLY public.auth_permission
    ADD CONSTRAINT auth_permission_content_type_id_codename_01ab375a_uniq UNIQUE (content_type_id, codename);


--
-- Name: auth_permission auth_permission_pkey; Type: CONSTRAINT; Schema: public; Owner: trenibet
--

ALTER TABLE ONLY public.auth_permission
    ADD CONSTRAINT auth_permission_pkey PRIMARY KEY (id);


--
-- Name: auth_user_groups auth_user_groups_pkey; Type: CONSTRAINT; Schema: public; Owner: trenibet
--

ALTER TABLE ONLY public.auth_user_groups
    ADD CONSTRAINT auth_user_groups_pkey PRIMARY KEY (id);


--
-- Name: auth_user_groups auth_user_groups_user_id_group_id_94350c0c_uniq; Type: CONSTRAINT; Schema: public; Owner: trenibet
--

ALTER TABLE ONLY public.auth_user_groups
    ADD CONSTRAINT auth_user_groups_user_id_group_id_94350c0c_uniq UNIQUE (user_id, group_id);


--
-- Name: auth_user auth_user_pkey; Type: CONSTRAINT; Schema: public; Owner: trenibet
--

ALTER TABLE ONLY public.auth_user
    ADD CONSTRAINT auth_user_pkey PRIMARY KEY (id);


--
-- Name: auth_user_user_permissions auth_user_user_permissions_pkey; Type: CONSTRAINT; Schema: public; Owner: trenibet
--

ALTER TABLE ONLY public.auth_user_user_permissions
    ADD CONSTRAINT auth_user_user_permissions_pkey PRIMARY KEY (id);


--
-- Name: auth_user_user_permissions auth_user_user_permissions_user_id_permission_id_14a6b632_uniq; Type: CONSTRAINT; Schema: public; Owner: trenibet
--

ALTER TABLE ONLY public.auth_user_user_permissions
    ADD CONSTRAINT auth_user_user_permissions_user_id_permission_id_14a6b632_uniq UNIQUE (user_id, permission_id);


--
-- Name: auth_user auth_user_username_key; Type: CONSTRAINT; Schema: public; Owner: trenibet
--

ALTER TABLE ONLY public.auth_user
    ADD CONSTRAINT auth_user_username_key UNIQUE (username);


--
-- Name: django_admin_log django_admin_log_pkey; Type: CONSTRAINT; Schema: public; Owner: trenibet
--

ALTER TABLE ONLY public.django_admin_log
    ADD CONSTRAINT django_admin_log_pkey PRIMARY KEY (id);


--
-- Name: django_content_type django_content_type_app_label_model_76bd3d3b_uniq; Type: CONSTRAINT; Schema: public; Owner: trenibet
--

ALTER TABLE ONLY public.django_content_type
    ADD CONSTRAINT django_content_type_app_label_model_76bd3d3b_uniq UNIQUE (app_label, model);


--
-- Name: django_content_type django_content_type_pkey; Type: CONSTRAINT; Schema: public; Owner: trenibet
--

ALTER TABLE ONLY public.django_content_type
    ADD CONSTRAINT django_content_type_pkey PRIMARY KEY (id);


--
-- Name: django_migrations django_migrations_pkey; Type: CONSTRAINT; Schema: public; Owner: trenibet
--

ALTER TABLE ONLY public.django_migrations
    ADD CONSTRAINT django_migrations_pkey PRIMARY KEY (id);


--
-- Name: django_session django_session_pkey; Type: CONSTRAINT; Schema: public; Owner: trenibet
--

ALTER TABLE ONLY public.django_session
    ADD CONSTRAINT django_session_pkey PRIMARY KEY (session_key);


--
-- Name: api_bet_bet_id_c2081143_like; Type: INDEX; Schema: public; Owner: trenibet
--

CREATE INDEX api_bet_bet_id_c2081143_like ON public.api_bet USING btree (bet_id varchar_pattern_ops);


--
-- Name: api_bet_user_id_d82ef89b; Type: INDEX; Schema: public; Owner: trenibet
--

CREATE INDEX api_bet_user_id_d82ef89b ON public.api_bet USING btree (user_id);


--
-- Name: api_goldentrain_day_7bd1fc53; Type: INDEX; Schema: public; Owner: trenibet
--

CREATE INDEX api_goldentrain_day_7bd1fc53 ON public.api_goldentrain USING btree (day);


--
-- Name: api_userprofile_uid_3c3b3a21_like; Type: INDEX; Schema: public; Owner: trenibet
--

CREATE INDEX api_userprofile_uid_3c3b3a21_like ON public.api_userprofile USING btree (uid varchar_pattern_ops);


--
-- Name: auth_group_name_a6ea08ec_like; Type: INDEX; Schema: public; Owner: trenibet
--

CREATE INDEX auth_group_name_a6ea08ec_like ON public.auth_group USING btree (name varchar_pattern_ops);


--
-- Name: auth_group_permissions_group_id_b120cbf9; Type: INDEX; Schema: public; Owner: trenibet
--

CREATE INDEX auth_group_permissions_group_id_b120cbf9 ON public.auth_group_permissions USING btree (group_id);


--
-- Name: auth_group_permissions_permission_id_84c5c92e; Type: INDEX; Schema: public; Owner: trenibet
--

CREATE INDEX auth_group_permissions_permission_id_84c5c92e ON public.auth_group_permissions USING btree (permission_id);


--
-- Name: auth_permission_content_type_id_2f476e4b; Type: INDEX; Schema: public; Owner: trenibet
--

CREATE INDEX auth_permission_content_type_id_2f476e4b ON public.auth_permission USING btree (content_type_id);


--
-- Name: auth_user_groups_group_id_97559544; Type: INDEX; Schema: public; Owner: trenibet
--

CREATE INDEX auth_user_groups_group_id_97559544 ON public.auth_user_groups USING btree (group_id);


--
-- Name: auth_user_groups_user_id_6a12ed8b; Type: INDEX; Schema: public; Owner: trenibet
--

CREATE INDEX auth_user_groups_user_id_6a12ed8b ON public.auth_user_groups USING btree (user_id);


--
-- Name: auth_user_user_permissions_permission_id_1fbb5f2c; Type: INDEX; Schema: public; Owner: trenibet
--

CREATE INDEX auth_user_user_permissions_permission_id_1fbb5f2c ON public.auth_user_user_permissions USING btree (permission_id);


--
-- Name: auth_user_user_permissions_user_id_a95ead1b; Type: INDEX; Schema: public; Owner: trenibet
--

CREATE INDEX auth_user_user_permissions_user_id_a95ead1b ON public.auth_user_user_permissions USING btree (user_id);


--
-- Name: auth_user_username_6821ab7c_like; Type: INDEX; Schema: public; Owner: trenibet
--

CREATE INDEX auth_user_username_6821ab7c_like ON public.auth_user USING btree (username varchar_pattern_ops);


--
-- Name: django_admin_log_content_type_id_c4bce8eb; Type: INDEX; Schema: public; Owner: trenibet
--

CREATE INDEX django_admin_log_content_type_id_c4bce8eb ON public.django_admin_log USING btree (content_type_id);


--
-- Name: django_admin_log_user_id_c564eba6; Type: INDEX; Schema: public; Owner: trenibet
--

CREATE INDEX django_admin_log_user_id_c564eba6 ON public.django_admin_log USING btree (user_id);


--
-- Name: django_session_expire_date_a5c62663; Type: INDEX; Schema: public; Owner: trenibet
--

CREATE INDEX django_session_expire_date_a5c62663 ON public.django_session USING btree (expire_date);


--
-- Name: django_session_session_key_c0390e0f_like; Type: INDEX; Schema: public; Owner: trenibet
--

CREATE INDEX django_session_session_key_c0390e0f_like ON public.django_session USING btree (session_key varchar_pattern_ops);


--
-- Name: api_bet api_bet_user_id_d82ef89b_fk_api_userprofile_id; Type: FK CONSTRAINT; Schema: public; Owner: trenibet
--

ALTER TABLE ONLY public.api_bet
    ADD CONSTRAINT api_bet_user_id_d82ef89b_fk_api_userprofile_id FOREIGN KEY (user_id) REFERENCES public.api_userprofile(id) DEFERRABLE INITIALLY DEFERRED;


--
-- Name: auth_group_permissions auth_group_permissio_permission_id_84c5c92e_fk_auth_perm; Type: FK CONSTRAINT; Schema: public; Owner: trenibet
--

ALTER TABLE ONLY public.auth_group_permissions
    ADD CONSTRAINT auth_group_permissio_permission_id_84c5c92e_fk_auth_perm FOREIGN KEY (permission_id) REFERENCES public.auth_permission(id) DEFERRABLE INITIALLY DEFERRED;


--
-- Name: auth_group_permissions auth_group_permissions_group_id_b120cbf9_fk_auth_group_id; Type: FK CONSTRAINT; Schema: public; Owner: trenibet
--

ALTER TABLE ONLY public.auth_group_permissions
    ADD CONSTRAINT auth_group_permissions_group_id_b120cbf9_fk_auth_group_id FOREIGN KEY (group_id) REFERENCES public.auth_group(id) DEFERRABLE INITIALLY DEFERRED;


--
-- Name: auth_permission auth_permission_content_type_id_2f476e4b_fk_django_co; Type: FK CONSTRAINT; Schema: public; Owner: trenibet
--

ALTER TABLE ONLY public.auth_permission
    ADD CONSTRAINT auth_permission_content_type_id_2f476e4b_fk_django_co FOREIGN KEY (content_type_id) REFERENCES public.django_content_type(id) DEFERRABLE INITIALLY DEFERRED;


--
-- Name: auth_user_groups auth_user_groups_group_id_97559544_fk_auth_group_id; Type: FK CONSTRAINT; Schema: public; Owner: trenibet
--

ALTER TABLE ONLY public.auth_user_groups
    ADD CONSTRAINT auth_user_groups_group_id_97559544_fk_auth_group_id FOREIGN KEY (group_id) REFERENCES public.auth_group(id) DEFERRABLE INITIALLY DEFERRED;


--
-- Name: auth_user_groups auth_user_groups_user_id_6a12ed8b_fk_auth_user_id; Type: FK CONSTRAINT; Schema: public; Owner: trenibet
--

ALTER TABLE ONLY public.auth_user_groups
    ADD CONSTRAINT auth_user_groups_user_id_6a12ed8b_fk_auth_user_id FOREIGN KEY (user_id) REFERENCES public.auth_user(id) DEFERRABLE INITIALLY DEFERRED;


--
-- Name: auth_user_user_permissions auth_user_user_permi_permission_id_1fbb5f2c_fk_auth_perm; Type: FK CONSTRAINT; Schema: public; Owner: trenibet
--

ALTER TABLE ONLY public.auth_user_user_permissions
    ADD CONSTRAINT auth_user_user_permi_permission_id_1fbb5f2c_fk_auth_perm FOREIGN KEY (permission_id) REFERENCES public.auth_permission(id) DEFERRABLE INITIALLY DEFERRED;


--
-- Name: auth_user_user_permissions auth_user_user_permissions_user_id_a95ead1b_fk_auth_user_id; Type: FK CONSTRAINT; Schema: public; Owner: trenibet
--

ALTER TABLE ONLY public.auth_user_user_permissions
    ADD CONSTRAINT auth_user_user_permissions_user_id_a95ead1b_fk_auth_user_id FOREIGN KEY (user_id) REFERENCES public.auth_user(id) DEFERRABLE INITIALLY DEFERRED;


--
-- Name: django_admin_log django_admin_log_content_type_id_c4bce8eb_fk_django_co; Type: FK CONSTRAINT; Schema: public; Owner: trenibet
--

ALTER TABLE ONLY public.django_admin_log
    ADD CONSTRAINT django_admin_log_content_type_id_c4bce8eb_fk_django_co FOREIGN KEY (content_type_id) REFERENCES public.django_content_type(id) DEFERRABLE INITIALLY DEFERRED;


--
-- Name: django_admin_log django_admin_log_user_id_c564eba6_fk_auth_user_id; Type: FK CONSTRAINT; Schema: public; Owner: trenibet
--

ALTER TABLE ONLY public.django_admin_log
    ADD CONSTRAINT django_admin_log_user_id_c564eba6_fk_auth_user_id FOREIGN KEY (user_id) REFERENCES public.auth_user(id) DEFERRABLE INITIALLY DEFERRED;


--
-- PostgreSQL database dump complete
--

\unrestrict TaoAoAzVpfnNIL2TC6gC6IseHl2cUZAFgNjRjS0RPuhZGj2XAfPJfoeAiDlNrVI

--
-- PostgreSQL database cluster dump complete
--

